feature,importance
amount_per_box,0.6708621808054255
boxes_shipped,0.3236849977692849
day,0.002056864911153012
month,0.001745640134244961
day_of_week,0.0009319531681251449
year,0.0005332720505616081
is_weekend,0.00018509116120492668
